{"_wandb":{"runtime":185},"eval/avg_episode_length":1000,"_step":0,"eval/episode_reward/run":32.97224807739258,"_runtime":185.994875694,"phase/index":0,"eval/std_episode_length":0,"eval/episode_reward_std":8.633133888244629,"eval/episode_reward/flip":0,"eval/episode_reward":32.97224807739258,"phase/exposure_id":0,"eval/episode_reward/flip_std":0,"eval/sps":3870.120038827863,"eval/episode_reward/run_std":8.633133888244629,"phase/task_id":0,"eval/epoch_eval_time":33.073909521102905,"_timestamp":1.779554773661531e+09,"eval/walltime":33.073909521102905}